subject_id,artifact_type,severity,method,mse,corr,snr_after_db,snr_improvement_db,mean_band_rel_error,combined_score,l_freq,h_freq,order,q,mysize,wavelet,level,threshold_scale,mode,n_components,top_k,excluded_components,converged
1,blink,high,ICA,2.6882753110927997e-11,0.9952511077224585,20.009598017192125,3.7389475258159734,0.0031003958420361194,0.9999999999943456,,,,,,,,,,15.0,1.0,[np.int64(13)],True
1,blink,low,ICA,4.982516869138711e-12,0.9991156402775367,26.69411523114835,6.760222446486797,0.001474414773236371,0.9999999999947502,,,,,,,,,,20.0,1.0,[np.int64(18)],True
1,blink,medium,ICA,5.570815801355739e-11,0.9900820673647932,16.9264991417672,4.117340953881593,0.0030598729633467547,0.9999999999951918,,,,,,,,,,30.0,1.0,[np.int64(10)],True
1,drift,high,Butterworth+Notch,2.1345792258577114e-10,0.9612766555300576,11.149533602566862,2.6021615697982856,0.03754492111136525,0.9762120798246837,0.5,45.0,2.0,40.0,,,,,,,,,
1,drift,low,ICA,5.864533320318438e-11,0.9896051759987444,16.707189859266073,-1.7199262805412907,0.007506287757764526,0.999999999992405,,,,,,,,,,20.0,1.0,[np.int64(19)],True
1,drift,medium,Wavelet,2.0667253935267383e-10,0.963819244758179,11.289163816517886,-1.1979939890234519,0.026288790955416235,0.9961577951231859,,,,,,coif3,3.0,0.8,hard,,,,
1,emg,high,Wavelet,7.973569601581682e-11,0.985679203893102,15.392298613543336,-4.008336700866618,0.01908756570604886,0.9971909984901333,,,,,,coif3,3.0,0.8,hard,,,,
1,emg,low,Wavelet,5.247620717184871e-11,0.990566240606292,17.18134857881877,-11.51485112947968,0.02282139695104876,0.9999999999943958,,,,,,coif3,3.0,0.8,hard,,,,
1,emg,medium,Wavelet,6.022047474591874e-11,0.9891703670175466,16.593987619050427,-7.098696684272902,0.02311147352763926,0.9999999999924079,,,,,,coif3,3.0,0.8,hard,,,,
1,line,high,ICA,3.729548588445385e-12,0.9993326263060454,27.714757635009754,15.385144355024366,0.000872252733308729,0.9999999999960243,,,,,,,,,,15.0,2.0,"[np.int64(10), np.int64(9)]",True
1,line,low,ICA,3.603405068871722e-12,0.999355074594786,27.832162634128114,5.01353174383965,0.0018060137762390697,0.9999999999944282,,,,,,,,,,30.0,2.0,"[np.int64(27), np.int64(29)]",True
1,line,medium,ICA,5.549415731877272e-12,0.9990065993920414,26.30092896341801,8.649808723668293,0.0022440159516075083,0.99999999999439,,,,,,,,,,15.0,2.0,"[np.int64(14), np.int64(12)]",True
1,mixed,high,Butterworth+Notch,6.490019423339625e-10,0.8771646060995516,6.333808005969768,4.553500115568254,0.04096381833110725,0.9999999999984941,1.0,45.0,2.0,40.0,,,,,,,,,
1,mixed,low,ICA,9.835311587745092e-11,0.9827218069716385,14.491139631492143,-0.09344257454910831,0.003071117152886946,0.9999999999913114,,,,,,,,,,20.0,2.0,"[np.int64(17), np.int64(19)]",True
1,mixed,medium,ICA,1.4344795185442096e-10,0.9750476827539485,12.865840666912263,0.5938993841900757,0.003249137064333331,0.9999999999918912,,,,,,,,,,30.0,1.0,[np.int64(25)],True
2,blink,high,ICA,1.3969401640400314e-11,0.991528041261289,17.355410092854985,13.653417286458604,0.013111305923209858,0.9999999999990736,,,,,,,,,,30.0,3.0,"[np.int64(5), np.int64(14), np.int64(3)]",True
2,blink,low,Butterworth+Notch,4.017228995937769e-11,0.975076376252223,12.961404276081423,-3.3578525407456876,0.02105964388158836,0.9999999999937434,0.5,45.0,4.0,40.0,,,,,,,,,
2,blink,medium,ICA,1.4406040489396639e-11,0.9912605935419955,17.23054415360743,7.641229382544049,0.011179230982931837,0.9974014645472803,,,,,,,,,,30.0,3.0,"[np.int64(26), np.int64(7), np.int64(22)]",True
2,drift,high,Butterworth+Notch,3.553228766318157e-11,0.9780150752507614,13.480685815602113,5.242729864469327,0.02532526867667788,0.999999999997913,0.5,45.0,4.0,40.0,,,,,,,,,
2,drift,low,ICA,2.2520442509274514e-11,0.9861701620377257,15.392999620614102,-2.857019099674549,0.017292410145842447,0.9999999999935394,,,,,,,,,,30.0,1.0,[np.int64(17)],True
2,drift,medium,Butterworth+Notch,3.1919867493729295e-11,0.98033138922371,13.932873718205128,1.0172072786459356,0.02752973721383527,0.9824322244047914,0.5,45.0,4.0,40.0,,,,,,,,,
2,emg,high,ICA,1.677167604702165e-11,0.989687510286433,16.61017062223189,-3.151014725024531,0.01800155941645178,0.9999999999926208,,,,,,,,,,30.0,1.0,[np.int64(22)],True
2,emg,low,ICA,6.5357744378258694e-12,0.9959788612111293,20.336175596810193,-6.474928580324438,0.0037719579777888037,0.9999999999937761,,,,,,,,,,15.0,1.0,[np.int64(14)],True
2,emg,medium,ICA,7.393723369874406e-12,0.9954552289397014,19.867907981167733,-3.7302297473658896,0.004067455323364716,0.9999999999936935,,,,,,,,,,20.0,1.0,[np.int64(17)],True
2,line,high,ICA,1.7935382473864767e-12,0.9988982209518031,24.645908284522378,11.383861926400556,0.0014303400756017829,0.9999999999970333,,,,,,,,,,30.0,2.0,"[np.int64(15), np.int64(12)]",True
2,line,low,ICA,4.47021476853493e-12,0.9972512441483655,21.727410725818167,-0.5926470097366483,0.0061911784870723515,0.9999999999940499,,,,,,,,,,30.0,2.0,"[np.int64(24), np.int64(29)]",True
2,line,medium,ICA,1.9716969948354167e-12,0.9987886533885436,24.377409251968515,7.884402629535245,0.0020899015140654884,0.9999999999957709,,,,,,,,,,30.0,2.0,"[np.int64(24), np.int64(20)]",True
2,mixed,high,ICA,4.564069973970132e-11,0.9725205041645008,12.419803928586324,6.220947461864949,0.01517743212767531,0.999999999998419,,,,,,,,,,15.0,4.0,"[np.int64(8), np.int64(7), np.int64(11), np.int64(10)]",True
2,mixed,low,ICA,2.90486179685842e-11,0.9822976873516781,14.329209480638319,1.8439756881480527,0.0073846244468258725,0.99821631944319,,,,,,,,,,30.0,4.0,"[np.int64(19), np.int64(22), np.int64(23), np.int64(29)]",True
2,mixed,medium,ICA,6.16934145456943e-12,0.9962115736712586,20.55266185236048,3.44350387777137,0.0031311749627165914,0.99999999999505,,,,,,,,,,20.0,2.0,"[np.int64(14), np.int64(13)]",True
3,blink,high,ICA,4.249565819023963e-11,0.9921757360832556,17.914622893707445,5.837969415897405,0.0024008782320599715,0.9999999999964899,,,,,,,,,,30.0,1.0,[np.int64(9)],True
3,blink,low,Wavelet,7.34502762966989e-11,0.9862558409791916,15.580418826569094,-12.159991775531864,0.03322006910372397,0.9999999999949287,,,,,,coif3,3.0,0.8,hard,,,,
3,blink,medium,ICA,1.1788643480810344e-10,0.9783024236542233,13.54775892950215,5.199383910719517,0.01307681352350656,0.9994173460286057,,,,,,,,,,10.0,3.0,"[np.int64(8), np.int64(9), np.int64(7)]",True
3,drift,high,Butterworth+Notch,2.8307735835219495e-10,0.946901971352147,9.76471575694389,1.554198623091553,0.044708708495814355,0.9757677794808044,0.5,45.0,2.0,40.0,,,,,,,,,
3,drift,low,ICA,4.0982328579416053e-11,0.9924157020139015,18.068416731196145,-1.4627727805254622,0.0006502353191786776,0.9999999999949283,,,,,,,,,,30.0,1.0,[np.int64(29)],True
3,drift,medium,Wavelet,2.5147123736174394e-10,0.9538432312840728,10.276962879557274,-1.4080906462391969,0.03518539358062191,0.9766286327238041,,,,,,coif3,3.0,0.8,hard,,,,
3,emg,high,ICA,9.007479282153271e-11,0.9831854622011307,14.705100045086043,-5.067243558853777,0.03689222638723745,0.9943337750111426,,,,,,,,,,30.0,1.0,[np.int64(12)],True
3,emg,low,Wavelet,7.273645619985302e-11,0.9863895266547991,15.62225935057958,-13.095345379027133,0.03383138011238515,0.9999999999940208,,,,,,coif3,3.0,0.8,hard,,,,
3,emg,medium,Wavelet,7.820457691268257e-11,0.9853617255925864,15.31157918044194,-8.524673346050308,0.0325908874208027,0.9999999999939444,,,,,,coif3,3.0,0.8,hard,,,,
3,line,high,ICA,5.895275626629827e-12,0.9989037767947581,25.91356565459195,12.590304574448318,0.0015930337131388834,0.999999999995651,,,,,,,,,,30.0,2.0,"[np.int64(13), np.int64(12)]",True
3,line,low,ICA,8.441568457907878e-12,0.9984317718820251,24.548640500631734,-0.09917843758199396,0.0018882599218594256,0.9999999999955971,,,,,,,,,,30.0,1.0,[np.int64(29)],True
3,line,medium,ICA,7.313689416981388e-12,0.998639912755948,25.10114400394253,6.870905307153713,0.0022374239087357113,0.9999999999956366,,,,,,,,,,20.0,2.0,"[np.int64(17), np.int64(16)]",True
3,mixed,high,ICA,6.463155641617782e-10,0.8919783666338943,6.187921470919578,4.455653893765332,0.009688576452561288,0.9999999999986395,,,,,,,,,,15.0,4.0,"[np.int64(3), np.int64(11), np.int64(12), np.int64(6)]",True
3,mixed,low,ICA,1.3302788597608847e-10,0.9754715112767205,13.027130289724862,0.5922900535296005,0.0038618540660832266,0.9999999999930731,,,,,,,,,,20.0,2.0,"[np.int64(17), np.int64(16)]",True
3,mixed,medium,ICA,2.105783725061238e-10,0.9627046189410268,11.044369243360897,1.5676974651222508,0.00741007660433829,0.999999999994913,,,,,,,,,,30.0,1.0,[np.int64(15)],True
4,blink,high,ICA,4.520806380175747e-11,0.9566390856083372,10.556096783018091,6.189188936229414,0.03749857833071675,0.9999999999984515,,,,,,,,,,10.0,4.0,"[np.int64(3), np.int64(4), np.int64(5), np.int64(9)]",True
4,blink,low,ICA,4.550926436693669e-12,0.9956593043863166,19.759619775981378,-3.0799883961911334,0.0103655474891633,0.9999999999969003,,,,,,,,,,30.0,1.0,[np.int64(26)],True
4,blink,medium,ICA,3.6656176280491545e-11,0.965901728471469,11.44491231134239,3.681018571120121,0.013308777609244177,0.9999999999970666,,,,,,,,,,10.0,2.0,"[np.int64(4), np.int64(6)]",True
4,drift,high,Butterworth+Notch,7.642384154132093e-11,0.9253207322446851,8.314527335863136,0.2104992474403815,0.05739456298801807,0.9745817948306867,0.5,45.0,2.0,40.0,,,,,,,,,
4,drift,low,Wavelet,1.7986334924515677e-11,0.9827586801686937,14.41886311820602,-4.71594994311063,0.028759292440253912,0.9999999999960743,,,,,,coif3,3.0,0.8,hard,,,,
4,drift,medium,ICA,3.0451078785565354e-11,0.9717814677576897,12.226919029828185,-1.3529405171806292,0.01715270605670196,0.9999999999950537,,,,,,,,,,30.0,1.0,[np.int64(22)],True
4,emg,high,Wavelet,1.787283285543217e-11,0.9828747576884985,14.444903558533962,-4.524101770913909,0.026737316640825334,0.9884311369500847,,,,,,coif3,3.0,0.8,hard,,,,
4,emg,low,Wavelet,1.3008369934340127e-11,0.9875347158490504,15.739398473915818,-9.815828593148476,0.028711303734126517,0.9999999999963756,,,,,,coif3,3.0,0.8,hard,,,,
4,emg,medium,ICA,8.243247644345307e-12,0.9921258989297944,17.545028607324014,-5.379380971367755,0.016093625651070108,0.9999999999966833,,,,,,,,,,30.0,1.0,[np.int64(21)],True
4,line,high,ICA,1.685907878363452e-11,0.9841607820898395,14.68468396382991,2.094852824061496,0.004326730566073399,0.9999999999961553,,,,,,,,,,10.0,1.0,[np.int64(6)],True
4,line,low,ICA,1.1042531126239496e-11,0.9894414898133526,16.396096720020065,-5.518312185882262,0.01842388485351225,0.9999999999964935,,,,,,,,,,10.0,1.0,[np.int64(8)],True
4,line,medium,ICA,2.7454995935099936e-12,0.9973833605013361,21.46817695233503,4.481361141456517,0.0015840944435300897,0.999999999996924,,,,,,,,,,30.0,2.0,"[np.int64(20), np.int64(22)]",True
4,mixed,high,Butterworth+Notch,1.924850934109448e-10,0.7969762562522832,4.336799380273274,5.992841435293127,0.08050011453925084,0.9896244440286247,1.0,45.0,2.0,40.0,,,,,,,,,
4,mixed,low,ICA,2.4868313047403904e-11,0.9766953671619174,13.075593415522471,-0.43286992112231104,0.008009380341416393,0.9999999999958624,,,,,,,,,,10.0,1.0,[np.int64(8)],True
4,mixed,medium,ICA,5.1506927357179194e-11,0.9524347330942803,10.001108448725356,3.0677645199209067,0.005675072731500341,0.9999999999970832,,,,,,,,,,15.0,2.0,"[np.int64(5), np.int64(14)]",True
5,blink,high,Wavelet,3.645824075240755e-11,0.9617010929403541,11.052766486264002,-3.3186140376071194,0.05831117552802277,0.9651958026174882,,,,,,coif3,3.0,0.8,hard,,,,
5,blink,low,Wavelet,2.2388180017106275e-11,0.9762838681054914,13.098275973462163,-8.407136229923141,0.053893904876499914,0.9571451524974409,,,,,,coif3,3.0,0.8,hard,,,,
5,blink,medium,ICA,1.0333273262746784e-11,0.9891576836808588,16.24468664851575,2.5934038041203635,0.016962109932060064,0.998252125701567,,,,,,,,,,30.0,1.0,[np.int64(6)],True
5,drift,high,Butterworth+Notch,3.960432255918674e-11,0.9576352716024754,10.702517561213789,3.137948070021219,0.00902914372141288,0.9999999999969402,0.5,45.0,4.0,40.0,,,,,,,,,
5,drift,low,ICA,1.9641774631272025e-11,0.9792806653418932,13.640769931818832,-5.147426843570949,0.023449999857920113,0.9864763939381953,,,,,,,,,,30.0,1.0,[np.int64(6)],True
5,drift,medium,Butterworth+Notch,3.819531525317307e-11,0.9591642177385493,10.85589863371331,-2.310102467315808,0.009852878375783053,0.9999999999786984,0.5,45.0,4.0,40.0,,,,,,,,,
5,emg,high,ICA,1.481337014513484e-11,0.9844016592532033,14.79799588629181,-4.281182785819903,0.015481603627242487,0.9999999999922413,,,,,,,,,,30.0,1.0,[np.int64(23)],True
5,emg,low,Wavelet,2.0396090054432763e-11,0.9784012220521923,13.48489608119517,-12.094241910239734,0.05414576449938875,0.955587172917579,,,,,,coif3,3.0,0.8,hard,,,,
5,emg,medium,Wavelet,2.1617032760899895e-11,0.9770955330746696,13.243883981467324,-9.166936863983498,0.054886244374480905,0.955678166246846,,,,,,coif3,3.0,0.8,hard,,,,
5,line,high,ICA,2.5070424911987408e-11,0.973856611793469,12.626759156297185,-0.24154264368020684,0.01810704557081411,0.992023894361458,,,,,,,,,,10.0,1.0,[np.int64(9)],True
5,line,low,Wavelet,2.43981986455851e-11,0.9741068937096975,12.740211096617493,-9.059259059829024,0.07067487930731912,0.9386694129540651,,,,,,coif3,3.0,0.8,hard,,,,
5,line,medium,Wiener,2.5674373362011486e-11,0.9735271538851153,12.52729799545494,-4.203102034073279,0.21119366308781756,0.7999999999867675,,,,,5.0,,,,,,,,
5,mixed,high,Butterworth+Notch,2.0000383694009705e-10,0.7844877813396788,3.756196775579723,6.720753618068867,0.08934150282927812,0.999999999999182,1.0,45.0,2.0,40.0,,,,,,,,,
5,mixed,low,Butterworth+Notch,4.4054520475914104e-11,0.9527452047806966,10.250856534880018,-0.9958236700357865,0.02497006325942974,0.9999999999850291,0.5,45.0,2.0,40.0,,,,,,,,,
5,mixed,medium,Butterworth+Notch,4.759456276046876e-11,0.9488511291926492,9.922363464315703,2.3884763163429135,0.020246589789107653,0.9999999999966243,0.5,45.0,2.0,40.0,,,,,,,,,
